series_id,year,periodName,value,date
CUUR0000SAF11,2025,September,316.042,2025-09-01
CUUR0000SAF11,2025,August,314.608,2025-08-01
CUUR0000SAF11,2025,July,313.263,2025-07-01
CUUR0000SAF11,2025,June,313.028,2025-06-01
CUUR0000SAF11,2025,May,312.491,2025-05-01
CUUR0000SAF11,2025,April,311.84,2025-04-01
CUUR0000SAF11,2025,March,312.815,2025-03-01
CUUR0000SAF11,2025,February,311.284,2025-02-01
CUUR0000SAF11,2025,January,310.936,2025-01-01
CUUR0000SAF11,2024,December,308.38,2024-12-01
CUUR0000SAF11,2024,November,307.972,2024-11-01
CUUR0000SAF11,2024,October,308.2,2024-10-01
CUUR0000SAF11,2024,September,307.767,2024-09-01
CUUR0000SAF11,2024,August,306.402,2024-08-01
CUUR0000SAF11,2024,July,306.643,2024-07-01
CUUR0000SAF11,2024,June,305.752,2024-06-01
CUUR0000SAF11,2024,May,305.679,2024-05-01
CUUR0000SAF11,2024,April,305.707,2024-04-01
CUUR0000SAF11,2024,March,305.426,2024-03-01
CUUR0000SAF11,2024,February,305.469,2024-02-01
CUUR0000SAF11,2024,January,305.037,2024-01-01
CUUR0000SAF11,2023,December,303.005,2023-12-01
CUUR0000SAF11,2023,November,303.224,2023-11-01
CUUR0000SAF11,2023,October,304.788,2023-10-01
CUUR0000SAF11,2023,September,303.925,2023-09-01
CUUR0000SAF11,2023,August,303.716,2023-08-01
CUUR0000SAF11,2023,July,303.455,2023-07-01
CUUR0000SAF11,2023,June,302.335,2023-06-01
CUUR0000SAF11,2023,May,302.535,2023-05-01
CUUR0000SAF11,2023,April,302.328,2023-04-01
CUUR0000SAF11,2023,March,301.918,2023-03-01
CUUR0000SAF11,2023,February,302.483,2023-02-01
CUUR0000SAF11,2023,January,301.435,2023-01-01
CUUR0000SAF11,2022,December,299.089,2022-12-01
CUUR0000SAF11,2022,November,298.284,2022-11-01
CUUR0000SAF11,2022,October,298.401,2022-10-01
CUUR0000SAF11,2022,September,296.771,2022-09-01
CUUR0000SAF11,2022,August,295.007,2022-08-01
CUUR0000SAF11,2022,July,292.972,2022-07-01
CUUR0000SAF11,2022,June,288.884,2022-06-01
CUUR0000SAF11,2022,May,285.953,2022-05-01
CUUR0000SAF11,2022,April,282.161,2022-04-01
CUUR0000SAF11,2022,March,278.612,2022-03-01
CUUR0000SAF11,2022,February,274.568,2022-02-01
CUUR0000SAF11,2022,January,270.711,2022-01-01
CUUR0000SAF11,2021,December,267.555,2021-12-01
CUUR0000SAF11,2021,November,266.384,2021-11-01
CUUR0000SAF11,2021,October,265.478,2021-10-01
CUUR0000SAF11,2021,September,262.695,2021-09-01
CUUR0000SAF11,2021,August,259.825,2021-08-01
CUUR0000SAF11,2021,July,259.022,2021-07-01
CUUR0000SAF11,2021,June,257.412,2021-06-01
CUUR0000SAF11,2021,May,255.516,2021-05-01
CUUR0000SAF11,2021,April,254.76,2021-04-01
CUUR0000SAF11,2021,March,253.231,2021-03-01
CUUR0000SAF11,2021,February,252.716,2021-02-01
CUUR0000SAF11,2021,January,252.107,2021-01-01
CUUR0000SAF11,2020,December,251.253,2020-12-01
CUUR0000SAF11,2020,November,250.407,2020-11-01
CUUR0000SAF11,2020,October,251.937,2020-10-01
CUUR0000SAF11,2020,September,251.369,2020-09-01
CUUR0000SAF11,2020,August,252.352,2020-08-01
CUUR0000SAF11,2020,July,252.563,2020-07-01
CUUR0000SAF11,2020,June,255.042,2020-06-01
CUUR0000SAF11,2020,May,253.827,2020-05-01
CUUR0000SAF11,2020,April,251.717,2020-04-01
CUUR0000SAF11,2020,March,245.163,2020-03-01
CUUR0000SAF11,2020,February,244.054,2020-02-01
CUUR0000SAF11,2020,January,243.11,2020-01-01
CUUR0000SAF11,2019,December,241.75,2019-12-01
CUUR0000SAF11,2019,November,241.726,2019-11-01
CUUR0000SAF11,2019,October,242.34,2019-10-01
CUUR0000SAF11,2019,September,241.543,2019-09-01
CUUR0000SAF11,2019,August,241.153,2019-08-01
CUUR0000SAF11,2019,July,241.359,2019-07-01
CUUR0000SAF11,2019,June,241.407,2019-06-01
CUUR0000SAF11,2019,May,242.145,2019-05-01
CUUR0000SAF11,2019,April,241.878,2019-04-01
CUUR0000SAF11,2019,March,242.555,2019-03-01
CUUR0000SAF11,2019,February,242.057,2019-02-01
CUUR0000SAF11,2019,January,241.381,2019-01-01
CUUR0000SAF11,2018,December,239.989,2018-12-01
CUUR0000SAF11,2018,November,239.352,2018-11-01
CUUR0000SAF11,2018,October,239.882,2018-10-01
CUUR0000SAF11,2018,September,240.125,2018-09-01
CUUR0000SAF11,2018,August,240.015,2018-08-01
CUUR0000SAF11,2018,July,239.82,2018-07-01
CUUR0000SAF11,2018,June,239.158,2018-06-01
CUUR0000SAF11,2018,May,239.287,2018-05-01
CUUR0000SAF11,2018,April,240.129,2018-04-01
CUUR0000SAF11,2018,March,239.158,2018-03-01
CUUR0000SAF11,2018,February,239.19,2018-02-01
CUUR0000SAF11,2018,January,239.828,2018-01-01
CUUR0000SAF11,2017,December,238.579,2017-12-01
CUUR0000SAF11,2017,November,238.403,2017-11-01
CUUR0000SAF11,2017,October,239.543,2017-10-01
CUUR0000SAF11,2017,September,239.128,2017-09-01
CUUR0000SAF11,2017,August,238.843,2017-08-01
CUUR0000SAF11,2017,July,238.953,2017-07-01
CUUR0000SAF11,2017,June,238.3,2017-06-01
CUUR0000SAF11,2017,May,238.964,2017-05-01
CUUR0000SAF11,2017,April,238.817,2017-04-01
CUUR0000SAF11,2017,March,238.256,2017-03-01
CUUR0000SAF11,2017,February,237.918,2017-02-01
CUUR0000SAF11,2017,January,237.365,2017-01-01
CUUR0000SAF11,2016,December,236.464,2016-12-01
CUUR0000SAF11,2016,November,236.93,2016-11-01
CUUR0000SAF11,2016,October,238.145,2016-10-01
CUUR0000SAF11,2016,September,238.12,2016-09-01
CUUR0000SAF11,2016,August,238.088,2016-08-01
CUUR0000SAF11,2016,July,238.207,2016-07-01
CUUR0000SAF11,2016,June,238.43,2016-06-01
CUUR0000SAF11,2016,May,239.354,2016-05-01
CUUR0000SAF11,2016,April,240.635,2016-04-01
CUUR0000SAF11,2016,March,240.329,2016-03-01
CUUR0000SAF11,2016,February,242.062,2016-02-01
CUUR0000SAF11,2016,January,242.017,2016-01-01
CUUR0000SAF111,2025,September,361.894,2025-09-01
CUUR0000SAF111,2025,August,359.74,2025-08-01
CUUR0000SAF111,2025,July,360.048,2025-07-01
CUUR0000SAF111,2025,June,360.04,2025-06-01
CUUR0000SAF111,2025,May,360.325,2025-05-01
CUUR0000SAF111,2025,April,355.976,2025-04-01
CUUR0000SAF111,2025,March,358.45,2025-03-01
CUUR0000SAF111,2025,February,357.627,2025-02-01
CUUR0000SAF111,2025,January,355.964,2025-01-01
CUUR0000SAF111,2024,December,356.574,2024-12-01
CUUR0000SAF111,2024,November,354.371,2024-11-01
CUUR0000SAF111,2024,October,359.007,2024-10-01
CUUR0000SAF111,2024,September,356.088,2024-09-01
CUUR0000SAF111,2024,August,355.652,2024-08-01
CUUR0000SAF111,2024,July,356.525,2024-07-01
CUUR0000SAF111,2024,June,356.938,2024-06-01
CUUR0000SAF111,2024,May,356.758,2024-05-01
CUUR0000SAF111,2024,April,355.852,2024-04-01
CUUR0000SAF111,2024,March,354.666,2024-03-01
CUUR0000SAF111,2024,February,356.633,2024-02-01
CUUR0000SAF111,2024,January,354.532,2024-01-01
CUUR0000SAF111,2023,December,353.844,2023-12-01
CUUR0000SAF111,2023,November,356.169,2023-11-01
CUUR0000SAF111,2023,October,355.752,2023-10-01
CUUR0000SAF111,2023,September,355.576,2023-09-01
CUUR0000SAF111,2023,August,356.563,2023-08-01
CUUR0000SAF111,2023,July,356.377,2023-07-01
CUUR0000SAF111,2023,June,355.074,2023-06-01
CUUR0000SAF111,2023,May,354.195,2023-05-01
CUUR0000SAF111,2023,April,353.742,2023-04-01
CUUR0000SAF111,2023,March,353.866,2023-03-01
CUUR0000SAF111,2023,February,350.772,2023-02-01
CUUR0000SAF111,2023,January,349.294,2023-01-01
CUUR0000SAF111,2022,December,345.029,2022-12-01
CUUR0000SAF111,2022,November,344.393,2022-11-01
CUUR0000SAF111,2022,October,341.492,2022-10-01
CUUR0000SAF111,2022,September,339.336,2022-09-01
CUUR0000SAF111,2022,August,336.399,2022-08-01
CUUR0000SAF111,2022,July,332.968,2022-07-01
CUUR0000SAF111,2022,June,326.378,2022-06-01
CUUR0000SAF111,2022,May,319.93,2022-05-01
CUUR0000SAF111,2022,April,314.787,2022-04-01
CUUR0000SAF111,2022,March,311.606,2022-03-01
CUUR0000SAF111,2022,February,306.193,2022-02-01
CUUR0000SAF111,2022,January,302.242,2022-01-01
CUUR0000SAF111,2021,December,297.279,2021-12-01
CUUR0000SAF111,2021,November,295.909,2021-11-01
CUUR0000SAF111,2021,October,294.625,2021-10-01
CUUR0000SAF111,2021,September,292.069,2021-09-01
CUUR0000SAF111,2021,August,288.99,2021-08-01
CUUR0000SAF111,2021,July,289.533,2021-07-01
CUUR0000SAF111,2021,June,286.761,2021-06-01
CUUR0000SAF111,2021,May,286.649,2021-05-01
CUUR0000SAF111,2021,April,285.377,2021-04-01
CUUR0000SAF111,2021,March,284.746,2021-03-01
CUUR0000SAF111,2021,February,284.095,2021-02-01
CUUR0000SAF111,2021,January,282.911,2021-01-01
CUUR0000SAF111,2020,December,283.735,2020-12-01
CUUR0000SAF111,2020,November,282.782,2020-11-01
CUUR0000SAF111,2020,October,284.74,2020-10-01
CUUR0000SAF111,2020,September,284.416,2020-09-01
CUUR0000SAF111,2020,August,284.472,2020-08-01
CUUR0000SAF111,2020,July,285.204,2020-07-01
CUUR0000SAF111,2020,June,286.092,2020-06-01
CUUR0000SAF111,2020,May,284.937,2020-05-01
CUUR0000SAF111,2020,April,285.16,2020-04-01
CUUR0000SAF111,2020,March,277.646,2020-03-01
CUUR0000SAF111,2020,February,276.641,2020-02-01
CUUR0000SAF111,2020,January,275.916,2020-01-01
CUUR0000SAF111,2019,December,275.036,2019-12-01
CUUR0000SAF111,2019,November,276.166,2019-11-01
CUUR0000SAF111,2019,October,276.47,2019-10-01
CUUR0000SAF111,2019,September,277.308,2019-09-01
CUUR0000SAF111,2019,August,276.619,2019-08-01
CUUR0000SAF111,2019,July,277.49,2019-07-01
CUUR0000SAF111,2019,June,276.891,2019-06-01
CUUR0000SAF111,2019,May,277.795,2019-05-01
CUUR0000SAF111,2019,April,276.64,2019-04-01
CUUR0000SAF111,2019,March,277.275,2019-03-01
CUUR0000SAF111,2019,February,275.996,2019-02-01
CUUR0000SAF111,2019,January,275.05,2019-01-01
CUUR0000SAF111,2018,December,274.321,2018-12-01
CUUR0000SAF111,2018,November,273.24,2018-11-01
CUUR0000SAF111,2018,October,272.26,2018-10-01
CUUR0000SAF111,2018,September,273.729,2018-09-01
CUUR0000SAF111,2018,August,273.338,2018-08-01
CUUR0000SAF111,2018,July,273.258,2018-07-01
CUUR0000SAF111,2018,June,273.682,2018-06-01
CUUR0000SAF111,2018,May,271.91,2018-05-01
CUUR0000SAF111,2018,April,271.766,2018-04-01
CUUR0000SAF111,2018,March,272.345,2018-03-01
CUUR0000SAF111,2018,February,271.245,2018-02-01
CUUR0000SAF111,2018,January,272.273,2018-01-01
CUUR0000SAF111,2017,December,269.847,2017-12-01
CUUR0000SAF111,2017,November,269.646,2017-11-01
CUUR0000SAF111,2017,October,270.858,2017-10-01
CUUR0000SAF111,2017,September,271.75,2017-09-01
CUUR0000SAF111,2017,August,272.544,2017-08-01
CUUR0000SAF111,2017,July,271.95,2017-07-01
CUUR0000SAF111,2017,June,272.429,2017-06-01
CUUR0000SAF111,2017,May,272.445,2017-05-01
CUUR0000SAF111,2017,April,271.865,2017-04-01
CUUR0000SAF111,2017,March,272.174,2017-03-01
CUUR0000SAF111,2017,February,271.708,2017-02-01
CUUR0000SAF111,2017,January,272.922,2017-01-01
CUUR0000SAF111,2016,December,271.374,2016-12-01
CUUR0000SAF111,2016,November,271.896,2016-11-01
CUUR0000SAF111,2016,October,272.502,2016-10-01
CUUR0000SAF111,2016,September,272.089,2016-09-01
CUUR0000SAF111,2016,August,273.104,2016-08-01
CUUR0000SAF111,2016,July,273.418,2016-07-01
CUUR0000SAF111,2016,June,273.379,2016-06-01
CUUR0000SAF111,2016,May,273.074,2016-05-01
CUUR0000SAF111,2016,April,273.924,2016-04-01
CUUR0000SAF111,2016,March,273.162,2016-03-01
CUUR0000SAF111,2016,February,274.801,2016-02-01
CUUR0000SAF111,2016,January,274.58,2016-01-01
CUUR0000SAF112,2025,September,349.716,2025-09-01
CUUR0000SAF112,2025,August,347.509,2025-08-01
CUUR0000SAF112,2025,July,344.155,2025-07-01
CUUR0000SAF112,2025,June,342.058,2025-06-01
CUUR0000SAF112,2025,May,343.032,2025-05-01
CUUR0000SAF112,2025,April,344.883,2025-04-01
CUUR0000SAF112,2025,March,348.179,2025-03-01
CUUR0000SAF112,2025,February,344.781,2025-02-01
CUUR0000SAF112,2025,January,339.169,2025-01-01
CUUR0000SAF112,2024,December,333.659,2024-12-01
CUUR0000SAF112,2024,November,331.976,2024-11-01
CUUR0000SAF112,2024,October,328.743,2024-10-01
CUUR0000SAF112,2024,September,332.525,2024-09-01
CUUR0000SAF112,2024,August,329.108,2024-08-01
CUUR0000SAF112,2024,July,327.013,2024-07-01
CUUR0000SAF112,2024,June,323.848,2024-06-01
CUUR0000SAF112,2024,May,323.414,2024-05-01
CUUR0000SAF112,2024,April,322.323,2024-04-01
CUUR0000SAF112,2024,March,322.589,2024-03-01
CUUR0000SAF112,2024,February,320.096,2024-02-01
CUUR0000SAF112,2024,January,319.752,2024-01-01
CUUR0000SAF112,2023,December,320.143,2023-12-01
CUUR0000SAF112,2023,November,319.86,2023-11-01
CUUR0000SAF112,2023,October,322.536,2023-10-01
CUUR0000SAF112,2023,September,320.14,2023-09-01
CUUR0000SAF112,2023,August,318.944,2023-08-01
CUUR0000SAF112,2023,July,317.445,2023-07-01
CUUR0000SAF112,2023,June,315.561,2023-06-01
CUUR0000SAF112,2023,May,315.968,2023-05-01
CUUR0000SAF112,2023,April,318.996,2023-04-01
CUUR0000SAF112,2023,March,318.306,2023-03-01
CUUR0000SAF112,2023,February,321.803,2023-02-01
CUUR0000SAF112,2023,January,322.737,2023-01-01
CUUR0000SAF112,2022,December,320.455,2022-12-01
CUUR0000SAF112,2022,November,319.444,2022-11-01
CUUR0000SAF112,2022,October,321.271,2022-10-01
CUUR0000SAF112,2022,September,319.486,2022-09-01
CUUR0000SAF112,2022,August,318.867,2022-08-01
CUUR0000SAF112,2022,July,318.141,2022-07-01
CUUR0000SAF112,2022,June,316.11,2022-06-01
CUUR0000SAF112,2022,May,314.929,2022-05-01
CUUR0000SAF112,2022,April,310.399,2022-04-01
CUUR0000SAF112,2022,March,305.116,2022-03-01
CUUR0000SAF112,2022,February,301.24,2022-02-01
CUUR0000SAF112,2022,January,298.441,2022-01-01
CUUR0000SAF112,2021,December,297.604,2021-12-01
CUUR0000SAF112,2021,November,299.228,2021-11-01
CUUR0000SAF112,2021,October,297.377,2021-10-01
CUUR0000SAF112,2021,September,293.217,2021-09-01
CUUR0000SAF112,2021,August,288.367,2021-08-01
CUUR0000SAF112,2021,July,286.994,2021-07-01
CUUR0000SAF112,2021,June,282.993,2021-06-01
CUUR0000SAF112,2021,May,275.776,2021-05-01
CUUR0000SAF112,2021,April,271.459,2021-04-01
CUUR0000SAF112,2021,March,268.457,2021-03-01
CUUR0000SAF112,2021,February,266.606,2021-02-01
CUUR0000SAF112,2021,January,265.922,2021-01-01
CUUR0000SAF112,2020,December,264.475,2020-12-01
CUUR0000SAF112,2020,November,265.307,2020-11-01
CUUR0000SAF112,2020,October,265.796,2020-10-01
CUUR0000SAF112,2020,September,265.386,2020-09-01
CUUR0000SAF112,2020,August,266.969,2020-08-01
CUUR0000SAF112,2020,July,271.028,2020-07-01
CUUR0000SAF112,2020,June,281.139,2020-06-01
CUUR0000SAF112,2020,May,275.405,2020-05-01
CUUR0000SAF112,2020,April,266.263,2020-04-01
CUUR0000SAF112,2020,March,254.724,2020-03-01
CUUR0000SAF112,2020,February,253.396,2020-02-01
CUUR0000SAF112,2020,January,252.905,2020-01-01
CUUR0000SAF112,2019,December,252.893,2019-12-01
CUUR0000SAF112,2019,November,250.491,2019-11-01
CUUR0000SAF112,2019,October,250.592,2019-10-01
CUUR0000SAF112,2019,September,249.74,2019-09-01
CUUR0000SAF112,2019,August,249.277,2019-08-01
CUUR0000SAF112,2019,July,250.033,2019-07-01
CUUR0000SAF112,2019,June,249.231,2019-06-01
CUUR0000SAF112,2019,May,250.356,2019-05-01
CUUR0000SAF112,2019,April,249.203,2019-04-01
CUUR0000SAF112,2019,March,249.062,2019-03-01
CUUR0000SAF112,2019,February,248.597,2019-02-01
CUUR0000SAF112,2019,January,248.169,2019-01-01
CUUR0000SAF112,2018,December,247.327,2018-12-01
CUUR0000SAF112,2018,November,247.954,2018-11-01
CUUR0000SAF112,2018,October,247.966,2018-10-01
CUUR0000SAF112,2018,September,248.876,2018-09-01
CUUR0000SAF112,2018,August,250.743,2018-08-01
CUUR0000SAF112,2018,July,250.042,2018-07-01
CUUR0000SAF112,2018,June,248.609,2018-06-01
CUUR0000SAF112,2018,May,249.449,2018-05-01
CUUR0000SAF112,2018,April,251.922,2018-04-01
CUUR0000SAF112,2018,March,249.516,2018-03-01
CUUR0000SAF112,2018,February,247.095,2018-02-01
CUUR0000SAF112,2018,January,247.284,2018-01-01
CUUR0000SAF112,2017,December,248.42,2017-12-01
CUUR0000SAF112,2017,November,247.027,2017-11-01
CUUR0000SAF112,2017,October,248.413,2017-10-01
CUUR0000SAF112,2017,September,247.613,2017-09-01
CUUR0000SAF112,2017,August,247.985,2017-08-01
CUUR0000SAF112,2017,July,247.761,2017-07-01
CUUR0000SAF112,2017,June,245.756,2017-06-01
CUUR0000SAF112,2017,May,243.815,2017-05-01
CUUR0000SAF112,2017,April,243.33,2017-04-01
CUUR0000SAF112,2017,March,244.306,2017-03-01
CUUR0000SAF112,2017,February,243.057,2017-02-01
CUUR0000SAF112,2017,January,242.596,2017-01-01
CUUR0000SAF112,2016,December,241.612,2016-12-01
CUUR0000SAF112,2016,November,243.633,2016-11-01
CUUR0000SAF112,2016,October,244.77,2016-10-01
CUUR0000SAF112,2016,September,246.642,2016-09-01
CUUR0000SAF112,2016,August,246.547,2016-08-01
CUUR0000SAF112,2016,July,246.875,2016-07-01
CUUR0000SAF112,2016,June,248.016,2016-06-01
CUUR0000SAF112,2016,May,248.989,2016-05-01
CUUR0000SAF112,2016,April,250.839,2016-04-01
CUUR0000SAF112,2016,March,250.837,2016-03-01
CUUR0000SAF112,2016,February,251.29,2016-02-01
CUUR0000SAF112,2016,January,251.783,2016-01-01
CUUR0000SAF113,2025,September,358.019,2025-09-01
CUUR0000SAF113,2025,August,356.104,2025-08-01
CUUR0000SAF113,2025,July,351.764,2025-07-01
CUUR0000SAF113,2025,June,351.414,2025-06-01
CUUR0000SAF113,2025,May,351.335,2025-05-01
CUUR0000SAF113,2025,April,349.187,2025-04-01
CUUR0000SAF113,2025,March,350.379,2025-03-01
CUUR0000SAF113,2025,February,353.197,2025-02-01
CUUR0000SAF113,2025,January,355.837,2025-01-01
CUUR0000SAF113,2024,December,353.63,2024-12-01
CUUR0000SAF113,2024,November,354.696,2024-11-01
CUUR0000SAF113,2024,October,355.292,2024-10-01
CUUR0000SAF113,2024,September,353.508,2024-09-01
CUUR0000SAF113,2024,August,349.599,2024-08-01
CUUR0000SAF113,2024,July,350.962,2024-07-01
CUUR0000SAF113,2024,June,348.901,2024-06-01
CUUR0000SAF113,2024,May,353.084,2024-05-01
CUUR0000SAF113,2024,April,352.274,2024-04-01
CUUR0000SAF113,2024,March,352.841,2024-03-01
CUUR0000SAF113,2024,February,353.965,2024-02-01
CUUR0000SAF113,2024,January,354.798,2024-01-01
CUUR0000SAF113,2023,December,350.25,2023-12-01
CUUR0000SAF113,2023,November,350.736,2023-11-01
CUUR0000SAF113,2023,October,351.952,2023-10-01
CUUR0000SAF113,2023,September,351.02,2023-09-01
CUUR0000SAF113,2023,August,350.428,2023-08-01
CUUR0000SAF113,2023,July,351.646,2023-07-01
CUUR0000SAF113,2023,June,350.724,2023-06-01
CUUR0000SAF113,2023,May,350.986,2023-05-01
CUUR0000SAF113,2023,April,346.269,2023-04-01
CUUR0000SAF113,2023,March,345.814,2023-03-01
CUUR0000SAF113,2023,February,351.249,2023-02-01
CUUR0000SAF113,2023,January,351.029,2023-01-01
CUUR0000SAF113,2022,December,349.134,2022-12-01
CUUR0000SAF113,2022,November,349.462,2022-11-01
CUUR0000SAF113,2022,October,348.021,2022-10-01
CUUR0000SAF113,2022,September,348.173,2022-09-01
CUUR0000SAF113,2022,August,343.221,2022-08-01
CUUR0000SAF113,2022,July,341.839,2022-07-01
CUUR0000SAF113,2022,June,340.594,2022-06-01
CUUR0000SAF113,2022,May,341.594,2022-05-01
CUUR0000SAF113,2022,April,339.385,2022-04-01
CUUR0000SAF113,2022,March,337.503,2022-03-01
CUUR0000SAF113,2022,February,333.675,2022-02-01
CUUR0000SAF113,2022,January,327.451,2022-01-01
CUUR0000SAF113,2021,December,321.931,2021-12-01
CUUR0000SAF113,2021,November,318.436,2021-11-01
CUUR0000SAF113,2021,October,318.316,2021-10-01
CUUR0000SAF113,2021,September,315.428,2021-09-01
CUUR0000SAF113,2021,August,313.672,2021-08-01
CUUR0000SAF113,2021,July,312.875,2021-07-01
CUUR0000SAF113,2021,June,315.211,2021-06-01
CUUR0000SAF113,2021,May,315.748,2021-05-01
CUUR0000SAF113,2021,April,314.973,2021-04-01
CUUR0000SAF113,2021,March,311.168,2021-03-01
CUUR0000SAF113,2021,February,309.993,2021-02-01
CUUR0000SAF113,2021,January,309.954,2021-01-01
CUUR0000SAF113,2020,December,306.506,2020-12-01
CUUR0000SAF113,2020,November,306.311,2020-11-01
CUUR0000SAF113,2020,October,309.071,2020-10-01
CUUR0000SAF113,2020,September,306.249,2020-09-01
CUUR0000SAF113,2020,August,306.754,2020-08-01
CUUR0000SAF113,2020,July,306.123,2020-07-01
CUUR0000SAF113,2020,June,305.393,2020-06-01
CUUR0000SAF113,2020,May,306.798,2020-05-01
CUUR0000SAF113,2020,April,304.809,2020-04-01
CUUR0000SAF113,2020,March,299.641,2020-03-01
CUUR0000SAF113,2020,February,299.817,2020-02-01
CUUR0000SAF113,2020,January,301.679,2020-01-01
CUUR0000SAF113,2019,December,297.105,2019-12-01
CUUR0000SAF113,2019,November,297.472,2019-11-01
CUUR0000SAF113,2019,October,301.318,2019-10-01
CUUR0000SAF113,2019,September,297.309,2019-09-01
CUUR0000SAF113,2019,August,298.6,2019-08-01
CUUR0000SAF113,2019,July,299.35,2019-07-01
CUUR0000SAF113,2019,June,298.611,2019-06-01
CUUR0000SAF113,2019,May,302.352,2019-05-01
CUUR0000SAF113,2019,April,303.503,2019-04-01
CUUR0000SAF113,2019,March,305.399,2019-03-01
CUUR0000SAF113,2019,February,304.621,2019-02-01
CUUR0000SAF113,2019,January,304.605,2019-01-01
CUUR0000SAF113,2018,December,301.134,2018-12-01
CUUR0000SAF113,2018,November,296.362,2018-11-01
CUUR0000SAF113,2018,October,298.531,2018-10-01
CUUR0000SAF113,2018,September,298.432,2018-09-01
CUUR0000SAF113,2018,August,297.644,2018-08-01
CUUR0000SAF113,2018,July,297.632,2018-07-01
CUUR0000SAF113,2018,June,295.523,2018-06-01
CUUR0000SAF113,2018,May,297.211,2018-05-01
CUUR0000SAF113,2018,April,296.863,2018-04-01
CUUR0000SAF113,2018,March,293.87,2018-03-01
CUUR0000SAF113,2018,February,298.503,2018-02-01
CUUR0000SAF113,2018,January,301.814,2018-01-01
CUUR0000SAF113,2017,December,296.476,2017-12-01
CUUR0000SAF113,2017,November,296.791,2017-11-01
CUUR0000SAF113,2017,October,299.7,2017-10-01
CUUR0000SAF113,2017,September,297.047,2017-09-01
CUUR0000SAF113,2017,August,295.009,2017-08-01
CUUR0000SAF113,2017,July,294.935,2017-07-01
CUUR0000SAF113,2017,June,294.788,2017-06-01
CUUR0000SAF113,2017,May,298.47,2017-05-01
CUUR0000SAF113,2017,April,298.164,2017-04-01
CUUR0000SAF113,2017,March,292.932,2017-03-01
CUUR0000SAF113,2017,February,292.222,2017-02-01
CUUR0000SAF113,2017,January,291.679,2017-01-01
CUUR0000SAF113,2016,December,291.957,2016-12-01
CUUR0000SAF113,2016,November,293.554,2016-11-01
CUUR0000SAF113,2016,October,295.616,2016-10-01
CUUR0000SAF113,2016,September,293.423,2016-09-01
CUUR0000SAF113,2016,August,292.156,2016-08-01
CUUR0000SAF113,2016,July,291.96,2016-07-01
CUUR0000SAF113,2016,June,292.733,2016-06-01
CUUR0000SAF113,2016,May,295.974,2016-05-01
CUUR0000SAF113,2016,April,296.217,2016-04-01
CUUR0000SAF113,2016,March,298.162,2016-03-01
CUUR0000SAF113,2016,February,306.778,2016-02-01
CUUR0000SAF113,2016,January,306.796,2016-01-01
CUUR0000SAF114,2025,September,231.144,2025-09-01
CUUR0000SAF114,2025,August,229.406,2025-08-01
CUUR0000SAF114,2025,July,228.011,2025-07-01
CUUR0000SAF114,2025,June,229.103,2025-06-01
CUUR0000SAF114,2025,May,226.252,2025-05-01
CUUR0000SAF114,2025,April,227.738,2025-04-01
CUUR0000SAF114,2025,March,226.835,2025-03-01
CUUR0000SAF114,2025,February,225.51,2025-02-01
CUUR0000SAF114,2025,January,225.51,2025-01-01
CUUR0000SAF114,2024,December,220.762,2024-12-01
CUUR0000SAF114,2024,November,221.735,2024-11-01
CUUR0000SAF114,2024,October,220.672,2024-10-01
CUUR0000SAF114,2024,September,219.488,2024-09-01
CUUR0000SAF114,2024,August,219.381,2024-08-01
CUUR0000SAF114,2024,July,220.129,2024-07-01
CUUR0000SAF114,2024,June,219.373,2024-06-01
CUUR0000SAF114,2024,May,219.354,2024-05-01
CUUR0000SAF114,2024,April,220.712,2024-04-01
CUUR0000SAF114,2024,March,221.423,2024-03-01
CUUR0000SAF114,2024,February,220.956,2024-02-01
CUUR0000SAF114,2024,January,220.573,2024-01-01
CUUR0000SAF114,2023,December,215.872,2023-12-01
CUUR0000SAF114,2023,November,215.604,2023-11-01
CUUR0000SAF114,2023,October,216.952,2023-10-01
CUUR0000SAF114,2023,September,216.736,2023-09-01
CUUR0000SAF114,2023,August,216.642,2023-08-01
CUUR0000SAF114,2023,July,216.056,2023-07-01
CUUR0000SAF114,2023,June,216.146,2023-06-01
CUUR0000SAF114,2023,May,216.46,2023-05-01
CUUR0000SAF114,2023,April,215.833,2023-04-01
CUUR0000SAF114,2023,March,216.329,2023-03-01
CUUR0000SAF114,2023,February,215.925,2023-02-01
CUUR0000SAF114,2023,January,213.359,2023-01-01
CUUR0000SAF114,2022,December,210.324,2022-12-01
CUUR0000SAF114,2022,November,209.507,2022-11-01
CUUR0000SAF114,2022,October,210.121,2022-10-01
CUUR0000SAF114,2022,September,208.332,2022-09-01
CUUR0000SAF114,2022,August,206.693,2022-08-01
CUUR0000SAF114,2022,July,204.944,2022-07-01
CUUR0000SAF114,2022,June,200.876,2022-06-01
CUUR0000SAF114,2022,May,199.166,2022-05-01
CUUR0000SAF114,2022,April,197.138,2022-04-01
CUUR0000SAF114,2022,March,194.342,2022-03-01
CUUR0000SAF114,2022,February,192.21,2022-02-01
CUUR0000SAF114,2022,January,188.719,2022-01-01
CUUR0000SAF114,2021,December,186.723,2021-12-01
CUUR0000SAF114,2021,November,185.119,2021-11-01
CUUR0000SAF114,2021,October,186.387,2021-10-01
CUUR0000SAF114,2021,September,184.49,2021-09-01
CUUR0000SAF114,2021,August,182.277,2021-08-01
CUUR0000SAF114,2021,July,180.136,2021-07-01
CUUR0000SAF114,2021,June,179.527,2021-06-01
CUUR0000SAF114,2021,May,177.814,2021-05-01
CUUR0000SAF114,2021,April,179.57,2021-04-01
CUUR0000SAF114,2021,March,180.018,2021-03-01
CUUR0000SAF114,2021,February,180.202,2021-02-01
CUUR0000SAF114,2021,January,179.789,2021-01-01
CUUR0000SAF114,2020,December,177.539,2020-12-01
CUUR0000SAF114,2020,November,175.869,2020-11-01
CUUR0000SAF114,2020,October,178.4,2020-10-01
CUUR0000SAF114,2020,September,177.848,2020-09-01
CUUR0000SAF114,2020,August,178.684,2020-08-01
CUUR0000SAF114,2020,July,178.167,2020-07-01
CUUR0000SAF114,2020,June,179.19,2020-06-01
CUUR0000SAF114,2020,May,178.234,2020-05-01
CUUR0000SAF114,2020,April,179.235,2020-04-01
CUUR0000SAF114,2020,March,174.454,2020-03-01
CUUR0000SAF114,2020,February,173.194,2020-02-01
CUUR0000SAF114,2020,January,172.313,2020-01-01
CUUR0000SAF114,2019,December,170.006,2019-12-01
CUUR0000SAF114,2019,November,170.675,2019-11-01
CUUR0000SAF114,2019,October,170.842,2019-10-01
CUUR0000SAF114,2019,September,170.63,2019-09-01
CUUR0000SAF114,2019,August,170.067,2019-08-01
CUUR0000SAF114,2019,July,169.685,2019-07-01
CUUR0000SAF114,2019,June,170.23,2019-06-01
CUUR0000SAF114,2019,May,171.26,2019-05-01
CUUR0000SAF114,2019,April,170.727,2019-04-01
CUUR0000SAF114,2019,March,172.06,2019-03-01
CUUR0000SAF114,2019,February,172.488,2019-02-01
CUUR0000SAF114,2019,January,171.354,2019-01-01
CUUR0000SAF114,2018,December,168.339,2018-12-01
CUUR0000SAF114,2018,November,167.891,2018-11-01
CUUR0000SAF114,2018,October,169.57,2018-10-01
CUUR0000SAF114,2018,September,168.428,2018-09-01
CUUR0000SAF114,2018,August,167.231,2018-08-01
CUUR0000SAF114,2018,July,166.577,2018-07-01
CUUR0000SAF114,2018,June,166.431,2018-06-01
CUUR0000SAF114,2018,May,166.401,2018-05-01
CUUR0000SAF114,2018,April,167.041,2018-04-01
CUUR0000SAF114,2018,March,167.758,2018-03-01
CUUR0000SAF114,2018,February,167.736,2018-02-01
CUUR0000SAF114,2018,January,167.671,2018-01-01
CUUR0000SAF114,2017,December,166.006,2017-12-01
CUUR0000SAF114,2017,November,166.271,2017-11-01
CUUR0000SAF114,2017,October,167.99,2017-10-01
CUUR0000SAF114,2017,September,167.429,2017-09-01
CUUR0000SAF114,2017,August,166.822,2017-08-01
CUUR0000SAF114,2017,July,167.085,2017-07-01
CUUR0000SAF114,2017,June,167.242,2017-06-01
CUUR0000SAF114,2017,May,168.555,2017-05-01
CUUR0000SAF114,2017,April,168.354,2017-04-01
CUUR0000SAF114,2017,March,168.455,2017-03-01
CUUR0000SAF114,2017,February,169.451,2017-02-01
CUUR0000SAF114,2017,January,167.074,2017-01-01
CUUR0000SAF114,2016,December,165.965,2016-12-01
CUUR0000SAF114,2016,November,166.258,2016-11-01
CUUR0000SAF114,2016,October,166.793,2016-10-01
CUUR0000SAF114,2016,September,166.573,2016-09-01
CUUR0000SAF114,2016,August,167.044,2016-08-01
CUUR0000SAF114,2016,July,166.648,2016-07-01
CUUR0000SAF114,2016,June,165.94,2016-06-01
CUUR0000SAF114,2016,May,167.053,2016-05-01
CUUR0000SAF114,2016,April,168.771,2016-04-01
CUUR0000SAF114,2016,March,168.187,2016-03-01
CUUR0000SAF114,2016,February,169.248,2016-02-01
CUUR0000SAF114,2016,January,168.718,2016-01-01
CUUR0000SAF115,2025,September,277.71,2025-09-01
CUUR0000SAF115,2025,August,276.649,2025-08-01
CUUR0000SAF115,2025,July,277.002,2025-07-01
CUUR0000SAF115,2025,June,277.737,2025-06-01
CUUR0000SAF115,2025,May,276.606,2025-05-01
CUUR0000SAF115,2025,April,275.27,2025-04-01
CUUR0000SAF115,2025,March,275.216,2025-03-01
CUUR0000SAF115,2025,February,273.067,2025-02-01
CUUR0000SAF115,2025,January,273.796,2025-01-01
CUUR0000SAF115,2024,December,272.362,2024-12-01
CUUR0000SAF115,2024,November,272.027,2024-11-01
CUUR0000SAF115,2024,October,273.232,2024-10-01
CUUR0000SAF115,2024,September,272.658,2024-09-01
CUUR0000SAF115,2024,August,272.612,2024-08-01
CUUR0000SAF115,2024,July,273.643,2024-07-01
CUUR0000SAF115,2024,June,274.285,2024-06-01
CUUR0000SAF115,2024,May,272.796,2024-05-01
CUUR0000SAF115,2024,April,273.306,2024-04-01
CUUR0000SAF115,2024,March,272.352,2024-03-01
CUUR0000SAF115,2024,February,272.768,2024-02-01
CUUR0000SAF115,2024,January,271.6,2024-01-01
CUUR0000SAF115,2023,December,270.223,2023-12-01
CUUR0000SAF115,2023,November,270.25,2023-11-01
CUUR0000SAF115,2023,October,272.215,2023-10-01
CUUR0000SAF115,2023,September,271.561,2023-09-01
CUUR0000SAF115,2023,August,271.648,2023-08-01
CUUR0000SAF115,2023,July,271.276,2023-07-01
CUUR0000SAF115,2023,June,269.995,2023-06-01
CUUR0000SAF115,2023,May,269.999,2023-05-01
CUUR0000SAF115,2023,April,269.657,2023-04-01
CUUR0000SAF115,2023,March,268.567,2023-03-01
CUUR0000SAF115,2023,February,266.612,2023-02-01
CUUR0000SAF115,2023,January,264.746,2023-01-01
CUUR0000SAF115,2022,December,262.985,2022-12-01
CUUR0000SAF115,2022,November,261.583,2022-11-01
CUUR0000SAF115,2022,October,262.814,2022-10-01
CUUR0000SAF115,2022,September,260.58,2022-09-01
CUUR0000SAF115,2022,August,259.976,2022-08-01
CUUR0000SAF115,2022,July,257.295,2022-07-01
CUUR0000SAF115,2022,June,252.015,2022-06-01
CUUR0000SAF115,2022,May,247.3,2022-05-01
CUUR0000SAF115,2022,April,244.282,2022-04-01
CUUR0000SAF115,2022,March,241.804,2022-03-01
CUUR0000SAF115,2022,February,237.143,2022-02-01
CUUR0000SAF115,2022,January,233.956,2022-01-01
CUUR0000SAF115,2021,December,230.809,2021-12-01
CUUR0000SAF115,2021,November,229.643,2021-11-01
CUUR0000SAF115,2021,October,227.701,2021-10-01
CUUR0000SAF115,2021,September,225.141,2021-09-01
CUUR0000SAF115,2021,August,222.863,2021-08-01
CUUR0000SAF115,2021,July,222.116,2021-07-01
CUUR0000SAF115,2021,June,220.221,2021-06-01
CUUR0000SAF115,2021,May,219.664,2021-05-01
CUUR0000SAF115,2021,April,220.143,2021-04-01
CUUR0000SAF115,2021,March,219.263,2021-03-01
CUUR0000SAF115,2021,February,219.11,2021-02-01
CUUR0000SAF115,2021,January,217.824,2021-01-01
CUUR0000SAF115,2020,December,218.534,2020-12-01
CUUR0000SAF115,2020,November,217.31,2020-11-01
CUUR0000SAF115,2020,October,218.758,2020-10-01
CUUR0000SAF115,2020,September,218.358,2020-09-01
CUUR0000SAF115,2020,August,219.607,2020-08-01
CUUR0000SAF115,2020,July,219.254,2020-07-01
CUUR0000SAF115,2020,June,219.311,2020-06-01
CUUR0000SAF115,2020,May,218.988,2020-05-01
CUUR0000SAF115,2020,April,219.233,2020-04-01
CUUR0000SAF115,2020,March,214.565,2020-03-01
CUUR0000SAF115,2020,February,213.215,2020-02-01
CUUR0000SAF115,2020,January,210.763,2020-01-01
CUUR0000SAF115,2019,December,210.432,2019-12-01
CUUR0000SAF115,2019,November,211.25,2019-11-01
CUUR0000SAF115,2019,October,211.492,2019-10-01
CUUR0000SAF115,2019,September,211.49,2019-09-01
CUUR0000SAF115,2019,August,210.841,2019-08-01
CUUR0000SAF115,2019,July,210.941,2019-07-01
CUUR0000SAF115,2019,June,212.056,2019-06-01
CUUR0000SAF115,2019,May,210.815,2019-05-01
CUUR0000SAF115,2019,April,211.078,2019-04-01
CUUR0000SAF115,2019,March,211.55,2019-03-01
CUUR0000SAF115,2019,February,211.168,2019-02-01
CUUR0000SAF115,2019,January,210.006,2019-01-01
CUUR0000SAF115,2018,December,209.739,2018-12-01
CUUR0000SAF115,2018,November,210.407,2018-11-01
CUUR0000SAF115,2018,October,210.224,2018-10-01
CUUR0000SAF115,2018,September,210.59,2018-09-01
CUUR0000SAF115,2018,August,210.158,2018-08-01
CUUR0000SAF115,2018,July,210.736,2018-07-01
CUUR0000SAF115,2018,June,210.259,2018-06-01
CUUR0000SAF115,2018,May,210.159,2018-05-01
CUUR0000SAF115,2018,April,210.632,2018-04-01
CUUR0000SAF115,2018,March,210.012,2018-03-01
CUUR0000SAF115,2018,February,210.115,2018-02-01
CUUR0000SAF115,2018,January,209.611,2018-01-01
CUUR0000SAF115,2017,December,209.401,2017-12-01
CUUR0000SAF115,2017,November,209.624,2017-11-01
CUUR0000SAF115,2017,October,209.528,2017-10-01
CUUR0000SAF115,2017,September,210.159,2017-09-01
CUUR0000SAF115,2017,August,209.905,2017-08-01
CUUR0000SAF115,2017,July,210.624,2017-07-01
CUUR0000SAF115,2017,June,210.119,2017-06-01
CUUR0000SAF115,2017,May,210.63,2017-05-01
CUUR0000SAF115,2017,April,210.668,2017-04-01
CUUR0000SAF115,2017,March,210.002,2017-03-01
CUUR0000SAF115,2017,February,208.914,2017-02-01
CUUR0000SAF115,2017,January,208.804,2017-01-01
CUUR0000SAF115,2016,December,208.301,2016-12-01
CUUR0000SAF115,2016,November,207.703,2016-11-01
CUUR0000SAF115,2016,October,208.985,2016-10-01
CUUR0000SAF115,2016,September,209.426,2016-09-01
CUUR0000SAF115,2016,August,209.761,2016-08-01
CUUR0000SAF115,2016,July,210.486,2016-07-01
CUUR0000SAF115,2016,June,210.392,2016-06-01
CUUR0000SAF115,2016,May,210.28,2016-05-01
CUUR0000SAF115,2016,April,211.009,2016-04-01
CUUR0000SAF115,2016,March,209.743,2016-03-01
CUUR0000SAF115,2016,February,209.385,2016-02-01
CUUR0000SAF115,2016,January,208.81,2016-01-01
CUUR0000SAF116,2025,September,297.507,2025-09-01
CUUR0000SAF116,2025,August,296.908,2025-08-01
CUUR0000SAF116,2025,July,295.176,2025-07-01
CUUR0000SAF116,2025,June,294.883,2025-06-01
CUUR0000SAF116,2025,May,294.478,2025-05-01
CUUR0000SAF116,2025,April,294.88,2025-04-01
CUUR0000SAF116,2025,March,294.847,2025-03-01
CUUR0000SAF116,2025,February,294.211,2025-02-01
CUUR0000SAF116,2025,January,292.771,2025-01-01
CUUR0000SAF116,2024,December,291.832,2024-12-01
CUUR0000SAF116,2024,November,292.831,2024-11-01
CUUR0000SAF116,2024,October,292.871,2024-10-01
CUUR0000SAF116,2024,September,291.683,2024-09-01
CUUR0000SAF116,2024,August,291.432,2024-08-01
CUUR0000SAF116,2024,July,291.088,2024-07-01
CUUR0000SAF116,2024,June,290.825,2024-06-01
CUUR0000SAF116,2024,May,290.094,2024-05-01
CUUR0000SAF116,2024,April,289.717,2024-04-01
CUUR0000SAF116,2024,March,289.36,2024-03-01
CUUR0000SAF116,2024,February,289.22,2024-02-01
CUUR0000SAF116,2024,January,288.758,2024-01-01
CUUR0000SAF116,2023,December,287.873,2023-12-01
CUUR0000SAF116,2023,November,287.731,2023-11-01
CUUR0000SAF116,2023,October,288.303,2023-10-01
CUUR0000SAF116,2023,September,287.496,2023-09-01
CUUR0000SAF116,2023,August,285.859,2023-08-01
CUUR0000SAF116,2023,July,285.58,2023-07-01
CUUR0000SAF116,2023,June,285.633,2023-06-01
CUUR0000SAF116,2023,May,285.285,2023-05-01
CUUR0000SAF116,2023,April,283.961,2023-04-01
CUUR0000SAF116,2023,March,282.588,2023-03-01
CUUR0000SAF116,2023,February,282.377,2023-02-01
CUUR0000SAF116,2023,January,282.286,2023-01-01
CUUR0000SAF116,2022,December,280.755,2022-12-01
CUUR0000SAF116,2022,November,279.629,2022-11-01
CUUR0000SAF116,2022,October,278.009,2022-10-01
CUUR0000SAF116,2022,September,275.81,2022-09-01
CUUR0000SAF116,2022,August,275.627,2022-08-01
CUUR0000SAF116,2022,July,274.344,2022-07-01
CUUR0000SAF116,2022,June,273.537,2022-06-01
CUUR0000SAF116,2022,May,272.293,2022-05-01
CUUR0000SAF116,2022,April,271.376,2022-04-01
CUUR0000SAF116,2022,March,270.352,2022-03-01
CUUR0000SAF116,2022,February,269.128,2022-02-01
CUUR0000SAF116,2022,January,266.749,2022-01-01
CUUR0000SAF116,2021,December,265.41,2021-12-01
CUUR0000SAF116,2021,November,264.957,2021-11-01
CUUR0000SAF116,2021,October,264.748,2021-10-01
CUUR0000SAF116,2021,September,264.98,2021-09-01
CUUR0000SAF116,2021,August,264.315,2021-08-01
CUUR0000SAF116,2021,July,263.226,2021-07-01
CUUR0000SAF116,2021,June,262.913,2021-06-01
CUUR0000SAF116,2021,May,261.711,2021-05-01
CUUR0000SAF116,2021,April,261.265,2021-04-01
CUUR0000SAF116,2021,March,260.652,2021-03-01
CUUR0000SAF116,2021,February,260.011,2021-02-01
CUUR0000SAF116,2021,January,259.765,2021-01-01
CUUR0000SAF116,2020,December,259.397,2020-12-01
CUUR0000SAF116,2020,November,259.995,2020-11-01
CUUR0000SAF116,2020,October,258.936,2020-10-01
CUUR0000SAF116,2020,September,257.73,2020-09-01
CUUR0000SAF116,2020,August,257.678,2020-08-01
CUUR0000SAF116,2020,July,256.96,2020-07-01
CUUR0000SAF116,2020,June,258.033,2020-06-01
CUUR0000SAF116,2020,May,257.713,2020-05-01
CUUR0000SAF116,2020,April,256.423,2020-04-01
CUUR0000SAF116,2020,March,255.66,2020-03-01
CUUR0000SAF116,2020,February,254.831,2020-02-01
CUUR0000SAF116,2020,January,253.592,2020-01-01
CUUR0000SAF116,2019,December,252.361,2019-12-01
CUUR0000SAF116,2019,November,252.463,2019-11-01
CUUR0000SAF116,2019,October,253.207,2019-10-01
CUUR0000SAF116,2019,September,253.261,2019-09-01
CUUR0000SAF116,2019,August,253.314,2019-08-01
CUUR0000SAF116,2019,July,253.129,2019-07-01
CUUR0000SAF116,2019,June,252.538,2019-06-01
CUUR0000SAF116,2019,May,252.101,2019-05-01
CUUR0000SAF116,2019,April,251.758,2019-04-01
CUUR0000SAF116,2019,March,252.087,2019-03-01
CUUR0000SAF116,2019,February,252.599,2019-02-01
CUUR0000SAF116,2019,January,251.688,2019-01-01
CUUR0000SAF116,2018,December,251.131,2018-12-01
CUUR0000SAF116,2018,November,251.326,2018-11-01
CUUR0000SAF116,2018,October,250.757,2018-10-01
CUUR0000SAF116,2018,September,249.921,2018-09-01
CUUR0000SAF116,2018,August,248.407,2018-08-01
CUUR0000SAF116,2018,July,248.469,2018-07-01
CUUR0000SAF116,2018,June,248.844,2018-06-01
CUUR0000SAF116,2018,May,248.126,2018-05-01
CUUR0000SAF116,2018,April,248.818,2018-04-01
CUUR0000SAF116,2018,March,248.287,2018-03-01
CUUR0000SAF116,2018,February,248.166,2018-02-01
CUUR0000SAF116,2018,January,247.359,2018-01-01
CUUR0000SAF116,2017,December,246.791,2017-12-01
CUUR0000SAF116,2017,November,246.991,2017-11-01
CUUR0000SAF116,2017,October,246.621,2017-10-01
CUUR0000SAF116,2017,September,245.884,2017-09-01
CUUR0000SAF116,2017,August,245.042,2017-08-01
CUUR0000SAF116,2017,July,244.706,2017-07-01
CUUR0000SAF116,2017,June,244.597,2017-06-01
CUUR0000SAF116,2017,May,244.785,2017-05-01
CUUR0000SAF116,2017,April,245.5,2017-04-01
CUUR0000SAF116,2017,March,244.978,2017-03-01
CUUR0000SAF116,2017,February,244.622,2017-02-01
CUUR0000SAF116,2017,January,244.516,2017-01-01
CUUR0000SAF116,2016,December,243.414,2016-12-01
CUUR0000SAF116,2016,November,243.395,2016-11-01
CUUR0000SAF116,2016,October,243.674,2016-10-01
CUUR0000SAF116,2016,September,242.614,2016-09-01
CUUR0000SAF116,2016,August,242.009,2016-08-01
CUUR0000SAF116,2016,July,242.032,2016-07-01
CUUR0000SAF116,2016,June,242.133,2016-06-01
CUUR0000SAF116,2016,May,242.43,2016-05-01
CUUR0000SAF116,2016,April,242.407,2016-04-01
CUUR0000SAF116,2016,March,242.23,2016-03-01
CUUR0000SAF116,2016,February,242.437,2016-02-01
CUUR0000SAF116,2016,January,241.535,2016-01-01
